20.856,105.34,56.446,
48.344,569.81,53.065,
32.614,258.73,65.665,
28.51,197.21,43.555,
26.598,171.42,42.528,
18.887,86.398,53.758,
22.811,125.95,47.745,
30.625,228.17,65.559,
46.076,518.12,56.994,
22.16,119.23,44.86,
32.683,259.52,62.103,
52.918,684.27,55.738,
33.782,277.97,63.212,
24.464,145.25,55.365,
32.01,248.9,68.39,
33.097,265.89,66.423,
19.118,88.676,55.392,
52.994,683.63,73.044,
25.582,158.66,61.322,
22.183,119.3,45.097,
25.132,153.3,54.438,
13.141,41.596,53.274,
19.786,94.956,45.453,
18.409,81.882,46.372,
18.714,84.745,60.437,
26.201,166.95,48.309,
16.116,62.632,41.099,
36.634,326.44,63.805,
44.883,492.57,67.142,
17.552,74.828,47.108,
34.702,292.56,50.851,
22.558,123.3,55.484,
42.601,442.01,71.801,
15.838,60.501,49.548,
43.032,450.43,72.203,
24.08,140.74,57.804,
15.579,58.616,41.141,
24.714,148.26,62.168,
37.481,342.2,69.177,
35.251,302.23,68.403,
36.201,318.68,67.596,
29.42,210.52,57.877,
31.759,245.33,55.792,
235.81,13673,26.367,
31.025,234.38,64.371,
26.135,165.82,64.446,
40.095,390.96,71.496,
29.638,213.6,69.833,
36.088,317.13,69.563,
27.374,181.85,67.315,
38.016,351.43,71.705,
37.876,348.79,66.413,
48.429,571.68,70.983,
40.244,393.89,63.728,
35.165,301.09,62.584,
36.841,330.66,63.205,
37.857,349.19,69.97,
49.559,599.67,65.179,
36.316,321.11,65.349,
41.158,412.88,69.338,
34.405,287.87,69.736,
32.237,252.58,57.526,
57.414,806.9,53.607,
52.125,663.91,63.556,
46.091,517.89,69.513,
37.86,348.47,71.004,
32.105,250.37,52.249,
25.724,160.69,66.847,
61.581,925.52,58.352,
45.001,493.98,62.513,
34.211,284.81,54.082,
52.309,667.64,64.531,
34.199,283.68,52.373,
57.408,803.44,70.263,
15.733,59.693,47.77,
38.894,368.06,68.632,
1143.4,3.23E+05,38.42,
20.185,98.524,48.333,
14.995,54.135,52.705,
15.011,54.172,38.366,
46.025,515.8,67.934,
67.064,1093.9,70.888,
22.383,121.87,56.841,
20.44,101.1,53.907,
24.589,146.43,50.723,
17.951,77.857,56.379,
18.349,81.369,48.471,
22.392,121.96,53.196,
24.287,143.14,63.483,
22.72,125.19,61.935,
16.593,66.533,58.038,
20.937,106.32,66.593,
16.498,65.9,56.616,
26.982,176.69,62.085,
15.053,54.544,49.856,
16.255,63.882,56.53,
15.916,61.179,55.59,
45.829,510.47,71.121,
14.727,52.242,49.425,
19.023,87.758,59.82,
22.583,123.66,64.827,
21.907,116.33,66.056,
34.812,295.98,53.179,
22.815,126.78,56.936,
19.775,94.914,59.393,
26.835,175.5,58.582,
18.771,85.353,60.881,
22.415,121.77,65.253,
21.458,111.49,63.941,
21.019,107.08,60.627,
21.245,109.6,63.204,
21.532,112.35,65.681,
20.818,105.06,61.67,
34.887,296.51,54.239,
26.547,171.39,53.399,
40.372,397.91,49.529,
20.635,103.15,51.614,
18.59,83.679,61.689,
23.12,129.72,66.322,
25.548,158.81,59.958,
24.031,140.17,66.44,
23.475,133.82,64.827,
23.167,130.32,65.346,
21.731,114.59,56.219,
22.716,125.14,65.257,
48.29,570.61,63.959,
31.415,240.56,64.839,
23.905,138.86,56.799,
27.067,178.74,62.096,
20.503,101.86,64.829,
22.957,127.91,62.95,
17.213,71.576,59.797,
15.803,60.275,50.134,
43.549,461.96,67.228,
17.421,73.328,57.55,
26.992,177.46,53.762,
22.027,117.96,58.165,
22.716,125.19,63.172,
20.111,97.992,56.724,
80.952,1602.5,32.987,
19.386,90.974,63.296,
19.884,95.697,57.218,
24.896,150.94,56.201,
26.088,165.73,63.873,
24.355,144.04,66.129,
33.841,278.64,52.719,
24.043,140.56,48.315,
24.848,150.26,61.658,
19.766,94.622,63.201,
20.661,103.55,63.31,
23.515,134.37,63.265,
23.759,136.92,62.312,
22.584,123.83,60.257,
19.861,95.474,63.687,
20.88,105.67,65.785,
20.525,102.12,65.931,
21.49,111.96,65.373,
26.403,169.97,59.643,
19.208,89.541,64.613,
20.894,105.83,53.321,
19.537,92.6,56.991,
29.901,217.83,59.244,
18.824,85.888,60.124,
15.067,54.613,49.098,
18.289,80.912,60.214,
23.519,134.25,50.403,
21.407,111.09,64.769,
20.81,104.98,66.507,
22.369,121.29,64.72,
23.178,130.46,67.065,
22.719,125.17,67.204,
28.274,194.82,63.87,
16.302,64.311,59.62,
24.42,145.17,53.987,
20.271,99.449,59.011,
20.477,101.65,62.804,
20.581,102.67,63.116,
21.285,109.93,62.871,
20.374,100.53,60.464,
20.692,103.82,65.209,
22.334,120.87,58.999,
20.262,99.437,61.59,
19.885,95.77,58.468,
19.037,87.784,59.587,
22.248,119.99,65.96,
24.321,143.54,63.777,
20.556,102.5,56.953,
20.24,99.167,58.095,
21.199,109.03,62.797,
27.908,189.83,59.98,
20.196,98.849,60.038,
32.644,259.2,69.622,
22.308,120.66,66.746,
21.814,115.5,56.062,
28.858,202.38,60.902,
16.207,63.506,59.332,
15.46,57.634,55.017,
16.389,65.048,62.775,
27.492,184.27,57.919,
20.338,100.24,64.594,
19.779,94.615,58.791,
17.184,71.384,58.188,
44.857,490.17,70.822,
44.317,478.63,65.322,
43.544,462.73,64.487,
15.866,60.82,58.564,
50.26,615.25,62.71,
45.219,500.8,57.951,
60.199,887.3,48.387,
36.157,318.32,58.8,
49.332,594.83,48.589,
16.34,64.56,54.933,
28.679,200.11,56.384,
22.878,127.03,64.221,
21.053,107.49,64.839,
38.145,355.3,54.11,
42.748,444.68,71.674,
40.93,407.79,71.626,
52.887,684.03,60.127,
47.983,560.79,63.582,
77.687,1478.6,60.89,
39.13,372.64,60.134,
44.227,476.25,66.804,
49.888,605.99,67.311,
49.045,586.08,56.947,
50.482,621.21,65.908,
58.428,830.95,73.388,
34.479,289.18,57.754,
37.355,339.34,59.972,
29.525,211.84,61.387,
46.484,526.55,70.102,
34.158,284.01,52.788,
50.068,610.24,70.537,
49.152,588.74,66.667,
41.681,422.92,71.318,
47.593,552.63,69.568,
23.868,138.55,48.203,
23.464,133.63,60.507,
27.339,182.03,57.176,
25.69,160.44,58.009,
47.132,541.88,68.536,
35.834,312.25,65.339,
45.05,493.56,72.263,
45.345,499.84,72.622,
35.688,309.2,39.748,
43.371,457.55,71.607,
36.927,332.45,66.688,
38.811,366.89,61.843,
38.239,355.51,67.416,
39.367,376.83,71.585,
42.161,433.09,60.903,
45.974,514.25,72.072,
54.306,719.08,65.031,
32.078,249.47,55.837,
62.296,944.59,73.744,
85.249,1772.3,56.68,
51.033,634.43,65.429,
34.469,289.3,69.919,
62.218,943.86,57.868,
42.239,433.87,71.886,
42.737,444.33,72.437,
32.536,257.36,66.626,
31.198,236.94,55.305,
27.669,186.33,52.901,
28.443,196.53,66.603,
30.835,231.03,69.002,
59.909,873.59,71.95,
32.238,252.62,70.548,
36.44,322.98,70.759,
1713.9,7.28E+05,28.792,
43.594,463.13,65.419,
25.476,157.83,53.157,
47.087,541.46,51.347,
33.89,279.2,69.835,
37.102,335.6,65.582,
20.602,102.63,49.93,
30.588,227.64,66.048,
52.56,673.92,72.14,
39.34,376.2,70.421,
49.252,591.02,54.529,
37.828,348.2,59.593,
40.45,398.4,56.849,
34.358,287.67,62.76,
36.94,331.99,59.286,
20.739,104.26,63.109,
21.317,110.19,59.906,
29.027,204.96,60.631,
49.222,590.11,72.146,
37.75,345.79,30.178,
28.827,201.87,55.233,
30.223,222.69,63.608,
23.776,137.1,47.068,
56.976,789.95,73.116,
39.286,374.96,69.997,
39.206,375,59.529,
16.801,68.458,60.843,
82.025,1636,68.163,
40.958,409.19,65.397,
54.246,718.14,59.28,
38.48,360.76,59.281,
18.83,85.378,49.748,
26.369,168.99,55.434,
39.07,371.53,69.032,
40.143,392.02,71.442,
36.895,331.04,67.142,
42.79,445.47,72.188,
43.342,457.5,71.218,
51.251,638.91,72.583,
43.86,469.42,70.845,
26.377,168.79,48.236,
36.575,324.7,56.501,
32.167,251.49,66.597,
40.009,389.57,69.128,
35.72,310.4,68.444,
42.476,439.83,71.239,
26.751,174.03,62.866,
27.828,187.96,64.207,
31.576,242.48,60.045,
40.684,402.78,59.21,
60.236,889.77,57.11,
78.875,1521.1,67.814,
45.763,510.02,67.582,
60.825,899.35,23.206,
40.837,405.99,62.683,
61.364,918.95,68.071,
41.661,422.68,69.163,
53.419,697.32,63.783,
40.026,390.13,59.744,
33.992,281.12,65.582,
41.649,422.57,71.747,
53.636,703.66,64.946,
41.683,423.24,70.218,
32.007,248.79,69.797,
34.763,293.71,67.855,
36.279,320.26,63.696,
15.915,61.165,51.919,
15.204,55.646,50.075,
15.901,60.981,48.526,
18.233,80.355,52.997,
17.964,78.056,50.909,
30.901,232.07,61.855,
20.336,100.2,58.742,
31.068,234.44,68.679,
34.2,284.08,60.169,
24.219,142.13,59.024,
29.466,211.66,59.777,
26.463,169.85,57.784,
34.012,281.53,55.966,
35.712,308.55,33.531,
13.446,43.61,46.039,
15.937,61.326,55.27,
18.765,85.246,53.185,
17.423,73.297,55.364,
22.802,126.5,48.652,
56.077,766.14,66.353,
54.716,731.79,48.97,
44.826,489.24,71.058,
37.104,335.9,56.439,
19.534,92.526,53.46,
22.895,127.14,65.959,
24.299,143.2,66.618,
29.649,213.5,63.667,
30.423,224.92,64.413,
29.088,205.44,65.894,
45.183,495.58,43.001,
37.857,349.4,53.132,
29.186,206.04,43.901,
29.886,214.92,31.81,
25.426,155.94,38.151,
36.925,331.19,70.228,
41.679,422.43,72.011,
37.528,342.71,62.154,
40.632,401.79,69.829,
26.805,174.69,59.49,
26.662,173.22,53.625,
68.432,1140.8,72.011,
30.256,222.25,67.554,
29.889,217.2,65.874,
43.279,456.98,68.855,
30.443,225.4,57.426,
35.205,302.11,67.137,
34.106,282.63,70.829,
28.905,203.24,62.031,
38.394,358.59,62.95,
58.983,849.98,44.03,
55.285,748.71,67.231,
43.36,457.45,66.704,
44.361,479.56,64.635,
23.226,130.96,58.254,
16.206,63.454,53.994,
25.765,161.42,56.61,
38.965,369.23,49.355,
31.971,248.61,59.586,
32.433,256.34,62.744,
31.021,234.93,55.944,
12.926,40.161,48.523,
35.635,308.63,47.046,
18.939,86.874,57.876,
37.879,350.85,58.729,
19.314,90.454,56.499,
21.438,111.38,53.695,
19.624,93.459,57.757,
34.723,294.24,58.888,
26.164,166.43,53.825,
16.209,63.488,55.958,
11.97,34.288,41.866,
37.199,338.13,60.055,
26.259,167.99,56.094,
41.039,409.89,68.418,
14.988,54.162,55.331,
13.409,43.428,56.111,
34.952,296.74,65.875,
35.321,303,59.277,
242.04,14453,12.527,
55.909,763.36,53.931,
32.206,251.86,65.193,
49.164,588.32,71.752,
38.515,361.2,68.287,
43.89,469.03,60.949,
69.309,1170.1,35.395,
40.937,408.48,46.313,
32.804,262.69,59.021,
37.55,342.86,70.732,
34.654,292.51,45.456,
39.959,389.38,53.271,
54.223,715.26,72.92,
1.42E+05,4.97E+09,72.329,
18.657,84.226,62.544,
24.743,148.53,66.285,
41.081,411.4,70.257,
33.222,267.77,63.067,
35.554,307.52,67.992,
20.747,104.25,63.178,
21.64,113.51,62.79,
31.473,241.36,58.116,
328.68,26648,8.2949,
21.465,111.87,62.618,
28.638,199.67,60.588,
38.084,352.99,70.539,
47.092,539.91,71.974,
48.159,564.65,72.845,
50.218,614.96,52.988,
27.796,187.51,52.68,
33.991,281.81,58.777,
33.731,276.42,67.221,
23.32,132.09,66.07,
56.966,789.52,73.24,
39.018,369.36,37.315,
16.9,69.21,55.673,
34.206,284.03,55.24,
39.429,378.46,52.867,
41.698,423.45,53.206,
32.534,257.54,48.978,
66.806,1086.6,73.49,
33.974,280.73,52.228,
44.21,476.9,59.115,
42.303,435.79,61.472,
43.047,451.62,69.379,
46.485,526.85,51.119,
21.112,107.96,59.208,
23.097,129.54,59.065,
33.433,271.45,63.64,
29.768,214.94,55.301,
49.534,598.72,61.94,
40.911,407.64,64.224,
22.084,118.41,46.271,
27.737,186.84,56.143,
35.518,306.79,67.98,
29.291,208.75,59.571,
45.661,508.16,69.032,
34.234,284.78,64.571,
34.95,296.83,63.926,
34.433,288.12,69.569,
34.18,283.83,66.894,
36.866,330.71,66.663,
42.011,429.89,60.817,
35.486,305.95,70.288,
35.241,302.31,70.329,
29.537,211.93,61.884,
33.727,276.78,65.949,
29.453,211.14,66.811,
35.176,301.1,69.083,
45.909,513.51,71.137,
37.426,340.55,70.125,
42.796,445.35,71.705,
37.878,349.08,68.146,
40.451,398.98,63.487,
35.695,309,41.546,
44.627,484.44,71.937,
33.432,271.74,68.734,
30.371,224.16,53.421,
37.215,337.53,67.302,
33.23,268.41,63.71,
38.186,353.36,36.555,
33.999,281.23,52.309,
43.792,466.37,70.238,
40.695,402.54,70.505,
41.6,421.16,69.322,
36.36,322.08,51.014,
15.919,61.182,57.348,
28.1,192.34,62.168,
38.197,355.85,50.328,
37.54,342.7,51.104,
28.904,201.68,43.528,
70.285,1203.7,61.12,
37.077,335.01,49.56,
18.557,83.356,59.883,
20.595,102.68,61.871,
22.098,118.56,44.324,
25.715,160.9,52.516,
26.518,170.88,58.564,
46.117,518.2,17.472,
20.548,102.11,47.47,
15.243,55.966,47.378,
18.968,87.064,53.853,
37.059,335.32,62.331,
23.309,131.83,56.334,
19.039,87.777,51.012,
45.185,495.89,8.4534,
46.037,515.52,72.436,
43.935,469.41,72.087,
18.278,80.74,57.305,
39.773,385.11,60.558,
18.055,78.789,54.681,
33.03,265.04,62.624,
26.418,169.63,65.033,
37.072,334.37,58.602,
17.875,77.243,53.344,
35.9,313.69,68.811,
30.141,220.92,64.589,
35.78,311.06,70.566,
37.173,335.79,43.058,
31.254,237.41,65.291,
23624,1.38E+08,63.027,
43.013,450.42,54.312,
33.842,278.23,68.776,
34.144,283.46,67.278,
51.405,642.05,68.921,
46.845,533.69,71.858,
44.641,484.72,72.561,
46.29,521.23,72.223,
63.476,985.98,62.638,
149.25,5441.6,64.597,
54.419,723.86,57.22,
61.801,932.32,72.445,
73.781,1327.2,72.497,
42.489,439.93,66.611,
45.3,499.59,67.763,
53.176,690.23,60.006,
48.297,568.15,69.491,
42.3,435.07,65.729,
46.387,523.1,63.573,
52.385,669.37,60.334,
60.876,906.73,62.058,
51.447,643.96,69.778,
54.161,714.91,70.417,
42.979,449.37,70.671,
37.259,337.56,57.044,
52.121,660.5,67.37,
50.218,613.96,72.357,
69.177,1165.5,73.77,
79.669,1544.6,67.065,
49.529,596.52,68.388,
57.713,812.29,35.782,
33.659,275.44,54.841,
190.88,8954.6,58.817,
61.592,926.77,62.149,
40.575,400.27,63.467,
40.283,394.58,64.125,
92.811,2099.4,68.865,
44.803,484.45,72.449,
88.824,1921.4,72.858,
37.336,339.1,66.287,
32.151,251.2,57.49,
41.859,426.63,68.209,
32.824,261.83,60.957,
34.613,290.9,65.239,
43.211,453.97,71.531,
76.465,1423.9,73.921,
45.646,506.6,68.483,
49.049,585.36,73.019,
50.295,615.45,72.734,
49.936,606.73,73.194,
43.876,468.28,64.125,
48.183,565.19,72.1,
42.259,433.88,63.152,
49.051,585.22,67.363,
42.162,432.75,72.327,
106.95,2803.8,63.373,
52.794,677.99,72.425,
46.853,534.16,72.53,
46.443,524.7,72.692,
49.824,604.22,72.646,
45.329,500.2,57.296,
36.945,331.62,70.41,
40.943,407.58,71.966,
40.198,393.23,71.176,
102.06,2542.1,60.019,
73.281,1310.3,58.344,
44.091,472.73,72.552,
35.863,312.83,69.558,
42.792,445.91,69.5,
19.494,91.89,57.11,
58.923,847.02,72.096,
36.345,322.03,62.004,
23.698,136.19,58.322,
47.402,546.88,70.484,
22.371,121.2,59.282,
37.262,338.4,66.6,
40.797,405.29,70.889,
48.691,578.62,71.685,
42.941,449.19,71.06,
39.701,383.75,70.462,
42.577,440.79,72.08,
42.987,449.35,72.121,
37.747,347.08,68.58,
32.054,249.51,66.968,
23.869,138.43,62.767,
29.81,216,62.437,
26.23,167.09,66.332,
36.489,323.65,68.532,
36.411,322.02,69.237,
32.17,251.48,68.459,
31.463,240.51,68.496,
26.635,172.27,67.889,
24.545,146.41,57.912,
36.166,317.86,69.629,
36.115,316.9,68.342,
32.299,253.52,68.855,
33.384,270.93,69.442,
58.815,843.59,61.068,
40.71,403.78,59.889,
70.037,1202.8,62.958,
36.047,316.16,61.778,
26.49,169.95,47.466,
39.314,375.36,54.228,
46.705,530.74,68.71,
34.532,289.9,50.447,
30.206,221.75,58.856,
27.969,189.72,56.684,
41.944,427.83,69.233,
35.243,302.14,58.276,
47.616,553.19,65.105,
38.785,365.97,63.566,
32.685,259.91,64.213,
38.95,369.28,65.722,
42.964,449.78,62.962,
28.515,197.82,62.101,
37.026,333.55,63.65,
26.668,172.53,48.069,
28.446,197.1,58.621,
46.484,525.28,67.483,
39.666,383.28,65.119,
35.202,301.41,52.242,
40.636,401.78,68.286,
61.938,938.7,47.891,
38.26,355.75,69.594,
23.518,134.24,51.735,
20.651,103.34,49.201,
26.475,170.43,52.02,
21.635,113.64,53.064,
29.565,212.91,65.267,
102.42,2561.7,70.888,
43.728,465.55,71.047,
44.969,492.78,56.065,
47.167,542.99,69.868,
37.486,341.62,65.768,
37.859,348.89,56.937,
40.873,406.25,71.828,
30.785,231.14,51.502,
28.29,193.99,42.061,
27.913,189.38,49.95,
34.495,289.59,51.818,
55.691,757.29,63.144,
21.476,111.83,56.323,
40.748,405.06,62.725,
24.806,149.65,60.141,
30.476,225.9,65.728,
29.985,218.17,53.532,
17.543,74.353,55.141,
47.294,542.51,51.689,
31.637,243.25,61.619,
25.402,156.72,63.912,
52.765,679.05,33.829,
34.747,293.44,51.606,
29.555,212.46,58.28,
37.182,336.49,64.031,
37.019,332.55,44.032,
80.745,1593,53.744,
27.928,189.77,64.218,
28.51,197.03,47.055,
28.912,202.76,54.518,
36.063,316.42,64.973,
29.553,211.87,62.61,
22.937,127.53,57.962,
35.772,311.13,57.984,
40.097,391.9,52.763,
30.372,224.13,59.114,
29.01,204.43,54.383,
20.392,100.64,49.971,
30.001,219,50.58,
30.025,219.1,59.838,
36.127,317.89,66.104,
45.086,495.63,66.567,
39.445,378.36,60.195,
26.962,176.53,58.345,
16.312,64.322,51.823,
32.271,253.44,54.652,
26.995,176.98,58.099,
23.836,137.05,36.775,
25.691,160.3,49.532,
36.244,319.17,65,
28.468,197.25,50.248,
36.569,324.76,57.812,
40.433,399.11,59.686,
35.141,300.43,63.109,
35.594,308.57,56.615,
33.093,266.05,67.203,
39.392,377.9,56.876,
36.32,320.28,46.452,
22.201,119.17,44.076,
28.666,198.78,45.308,
33.313,270.29,50.437,
36.4,322.71,67.064,
23.635,135.78,65.864,
34.725,293.06,70.151,
32.105,250.18,60.114,
48.495,573.8,68.261,
33.512,272.35,47.537,
32.596,258.85,50.34,
41.601,421.14,67.964,
42.254,434.79,65.262,
36.217,318.75,69.606,
33.045,265.72,67.274,
32.719,260.97,65.73,
33.779,277.36,67.67,
32.011,249.1,66.507,
30.432,224.76,67.092,
29.519,211.76,66.632,
26.753,173.78,45.266,
26.999,176.94,53.424,
38.303,357.15,67.324,
28.523,198.3,53.577,
45.488,503.32,72.453,
44.643,484.68,72.427,
35.844,313.21,46.999,
34.305,287.3,66.633,
45.481,503.56,68.261,
31.487,240.87,69.046,
29.965,218.48,64.936,
33.763,277.16,71.57,
33.346,270.34,71.11,
28.554,198.02,62.824,
30.12,220.65,62.32,
31.35,238.76,62.137,
36.078,317.19,68.567,
35.264,302.07,64.828,
37.289,338.4,56.876,
38.96,369.32,68.076,
41.373,415.51,55.149,
39.451,378.41,67.844,
23.458,133.79,62.746,
38.293,356.55,65.83,
115.19,3241,70.99,
42.802,446.99,63.478,
34.529,289.83,68.87,
35.857,312.55,70.342,
38.208,355.3,68.776,
44.468,482.47,51.148,
44.473,481.24,65.07,
41.392,416.88,70.076,
33.686,275.7,60.85,
40.99,408.75,55.723,
43.881,469.1,57.14,
30.606,227.58,54.359,
33.285,270.22,56.313,
33.291,270.04,47.021,
37.27,338.52,57.096,
43.561,460.05,71.712,
44.433,480.19,72.299,
26.378,169.29,54.291,
44.221,475.27,71.347,
34.485,289.9,55.198,
33.416,271.26,64.654,
43.967,471.21,67.6,
32.682,259.62,66.878,
43.685,464.08,72.489,
52.525,671.56,69.374,
40.83,406.14,59.505,
37.775,347.52,68.229,
35.002,298.07,68.896,
36.724,328.75,68.525,
38.683,364.18,69.775,
31.927,248.14,64.863,
50.58,623.74,29.918,
34.063,281.96,57.791,
35.053,296.85,43.945,
38.112,353.18,67.211,
32.204,252.4,68.042,
38.628,362.65,61.63,
34.723,292.98,59.932,
34.376,287.32,64.592,
47.916,559.07,69.586,
38.345,357.62,63.702,
41.282,415.01,63.771,
44.115,473.28,62.734,
38.305,356.57,56.457,
41.454,417.82,67.763,
28.921,203.37,65.087,
25.231,154.28,63.17,
29.092,205.52,67.16,
27.035,177.3,62.459,
44.325,478.6,66.974,
42.303,435.47,71.405,
43.271,455.33,71.681,
42.202,432.97,71.068,
42.549,440.27,72.336,
39.057,371.4,47.091,
42.348,435.94,71.616,
43.086,451.35,72.01,
38.641,363.13,71.491,
43.69,464.59,70.191,
40.733,403.59,72.159,
46.49,526.76,60.292,
39.061,371.84,46.708,
39.347,377.06,61.276,
35.356,303.75,68.944,
38.529,360.97,71.41,
35.771,311.16,66.72,
35.219,301.71,66.469,
38.956,369.05,70.471,
38.677,364.36,69.615,
31.52,241.15,48.11,
38.281,356.38,72.142,
35.764,310.98,68.401,
38.276,356.09,71.478,
47.302,544.62,71.711,
39.086,371.13,69.326,
32.48,257.13,64.528,
32.147,251.43,64.442,
24.008,139.91,58.556,
30.874,231.65,68.608,
36.863,330.7,64.34,
68.572,1151,57.829,
26.559,171.59,62.24,
16.589,66.68,54.815,
26.976,176.84,60.777,
24.881,150.13,62.15,
28.891,202.64,65.252,
28.678,200.11,61.448,
27.286,180.86,57.368,
26.739,173.67,62.827,
32.341,254.17,67.409,
36.649,327.03,58.71,
38.354,357.8,65.709,
36.097,316.34,64.471,
37.815,346.93,47.954,
33.578,273.21,48.418,
37.031,333.25,55.956,
38.914,368.35,68.056,
30.079,219.57,52.113,
38.606,362.62,67.176,
37.101,334.94,68.584,
41.786,425.9,62.059,
37.582,343.78,63.823,
42.408,438.54,69.372,
34.629,291.12,49.031,
32.029,249.33,53.116,
38.181,354.44,71.581,
65.114,1033.6,68.976,
31.797,245.68,57.546,
25.751,161.06,65.049,
24.76,148.57,60.002,
35.992,315.41,69.482,
34.513,289.96,63.243,
28.192,192.74,56.893,
37.934,350.8,64.988,
33.564,274.06,69.095,
40.05,390.42,71.622,
37.365,340.23,61.215,
27.029,177.4,58.433,
33.275,269.4,63.64,
15.864,60.674,47.612,
13.842,46.036,41.259,
107.83,2751.9,19.109,
62.65,930.91,20.248,
91.384,1980.2,20.261,
116.1,3192.7,20.146,
62.702,931.5,20.438,
75.668,1356.8,19.341,
65.988,1030.9,18.611,
120.2,3412.1,17.649,
134.25,4290.9,19.473,
90.341,1932.3,19.455,
14.529,50.599,37.989,
126.53,3799.1,21.423,
106.03,2662.3,21.644,
84.963,1707.2,18.652,
140.91,4729.7,22.973,
92.787,2046.4,22.195,
93.572,2080,21.664,
76.577,1398.4,24.541,
99.423,2358.6,25.049,
87.452,1819.3,23.625,
67.676,1086.1,23.562,
14.159,48.018,36.083,
99.588,2358.1,24.145,
105.89,2663.2,23.109,
86.026,1756.2,22.745,
265.86,16782,24.049,
117.7,3298.6,24.512,
108.46,2786.7,22.916,
78.6,1466.1,23.846,
78.095,1443.1,22.955,
143.08,4845.6,19.375,
99.238,2325.5,19.869,
14.281,48.918,37.022,
69.857,1157.9,21.423,
118.74,3341.3,20.954,
92.736,2037.2,21.054,
105.9,2658.9,22.747,
150.54,5396.9,24.559,
102.2,2487.3,24.383,
105.12,2618.9,23.638,
86.853,1788.5,22.717,
133.69,4223.1,21.553,
64.092,970.92,20.687,
13.313,42.678,43.752,
130.07,3993.6,19.084,
141.02,4724.4,22.144,
124.51,3668.5,21.309,
67.449,1075.9,21.341,
142.65,4806.2,19.357,
112.66,3002.4,20.361,
75.235,1338.5,20.627,
79.263,1482.6,19.248,
141.45,4740.2,21.146,
116.18,3201.8,21.2,
14.464,50.273,37.675,
96.985,2230,21.199,
100.2,2383.5,22.784,
148.7,5225.9,19.385,
114.61,3105.2,19.053,
68.005,1096.2,19.906,
99.913,2361.5,19.593,
155.16,5717.2,20.224,
97.56,2259.4,21.176,
104.63,2597.2,22.503,
124.25,3674.3,22.383,
14.989,53.982,38.349,
75.129,1342.9,21.567,
139.35,4613.3,21.245,
91.457,1979.7,20.237,
150.44,5368.5,20.689,
79.504,1496.5,20.108,
89.767,1911.6,20.53,
81.175,1566.5,22.131,
88.488,1859.3,22.044,
102.65,2500.9,21.458,
99.517,2350.5,21.46,
28.754,194.31,13.991,
151.77,5464.5,21.364,
120.55,3449.3,20.864,
60.953,882.17,21.117,
135.39,4356.4,20.726,
161.27,6180.6,20.399,
184.21,8038.8,19.525,
97.389,2250,20.794,
153.96,5633.2,21.937,
113.45,3051.2,20.025,
93.774,2093.9,22.446,
17.172,70.379,29.69,
81.21,1570,22.231,
102.55,2499.8,22.158,
87.655,1825,21.581,
180.26,7701.5,20.55,
259.73,16048,21.74,
199.75,9455.6,21.872,
72.267,1237.6,21.876,
161.38,6191.5,20.658,
67.29,1076.4,21.399,
157.15,5881.8,22.231,
35.406,294.15,11.07,
320.83,24471,19.998,
101.42,2448.6,22.482,
239.88,13697,22.041,
252.5,15165,23.78,
191.09,8710.2,23.843,
179.7,7674.9,23.442,
259.47,16024,23.379,
173.15,7136.9,22.254,
133.08,4202.5,22.005,
79.868,1513.6,21.23,
15.245,55.969,44.756,
36.034,304.93,11.865,
178.95,7615.9,21.053,
108.03,2774.6,22.33,
80.63,1549,23.038,
329.27,25819,22.755,
66.769,1059.7,21.384,
153.05,5579.4,21.463,
79.455,1503.2,21.741,
85.549,1741.6,20.887,
126.69,3823.6,22.732,
491.66,57684,22.009,
40.039,376.6,11.457,
102.04,2477,21.522,
162.96,6321.1,21.666,
136.06,4396.7,20.923,
182.8,7967.1,22.845,
103.04,2530.2,23.277,
98.946,2339.2,24.762,
92.113,2025.5,24.134,
181.63,7868.9,23.407,
169.77,6864.1,23.461,
98.931,2326.8,23.445,
40.666,388.24,11.698,
163.02,6348,25.184,
85.694,1754.6,25.685,
152.22,5522.3,24.704,
325.34,25235,24.488,
173.31,7162.8,25.297,
142.16,4814.6,24.51,
89.648,1920.5,25.29,
160.2,6119.2,23.675,
91.728,2010.3,25.346,
204.51,9978.7,24.368,
41.741,413.34,13.782,
77.297,1424.9,22.605,
57.192,780.1,22.686,
155.1,5727,21.679,
105.62,2663.8,21.337,
91.796,2009.2,21.433,
159.57,6059.3,20.731,
156.56,5838.8,20.407,
89.656,1915.9,21.209,
137.27,4487.5,20.847,
81.051,1563.5,20.383,
48.068,541.8,11.945,
102.87,2514.3,19.934,
92.612,2045.5,21.993,
89.615,1917.8,24.968,
40.815,394.5,0.87588,
39.414,366.63,0.73388,
117.25,3266.3,22.378,
89.281,1899.6,22.7,
89.792,1920,22.572,
152.31,5532.8,24.822,
179.37,7677.7,25.097,
78.24,1440.4,12.271,
155.43,5753.7,24.307,
113.16,3056.7,24.851,
114.52,3136.2,25.132,
170.3,6936.6,26.12,
111.28,2954.6,22.259,
116.55,3242,24.005,
123.74,3655.1,25.084,
158.28,5974.9,24.887,
58.163,804.75,0.95832,
154.96,5737.3,23.963,
55.664,725.72,12.258,
159.35,6055.2,23.111,
122.25,3566.1,23.056,
36.999,324.12,1.1649,
113.43,3061.3,21.74,
110.15,2888.2,21.491,
118.65,3357.6,22.713,
84.133,1685.1,23.398,
112.07,2988.6,21.739,
152.92,5585.3,18.846,
133.48,4229.1,19.166,
68.031,1091.9,13.756,
68.255,1109.4,22.142,
145.84,5048.1,21.733,
93.829,2086.3,20.801,
77.675,1443.9,22.402,
168.32,6742.2,23.446,
87.255,1811.3,23.423,
240.63,13785,24.215,
93.914,2095.8,23.989,
146.43,5116.5,24.115,
89.225,1888.8,23.626,
91.554,1979.1,13.669,
87.818,1832.2,22.706,
85.663,1743.3,22.742,
107.91,2780.2,25.436,
96.781,2233.7,24.194,
62.164,925.19,0.89641,
104.14,2579.9,23.308,
71.322,1213.6,25.545,
112.43,3014,25.203,
193.31,8909.8,24.893,
83.925,1673.6,19.346,
67.773,1084.1,13.565,
110.5,2903.1,25.127,
113.56,3059.9,24.48,
85.382,1737.5,26.013,
77.089,1414.5,25.326,
98.816,2326.3,25.239,
83.195,1644.5,24.026,
172.09,7036.1,24.005,
144.98,5018,27.565,
118.91,3363.7,25.335,
91.188,1979.8,26.602,
15.229,55.806,42.777,
113.4,3054.6,15.282,
175.9,7369.5,25.273,
38.144,343.21,1.1211,
140.06,4679.7,25.022,
71.434,1211.2,23.653,
81.574,1583.6,22.865,
97.207,2240.9,23.078,
116.94,3262.3,24.791,
118.64,3354.5,25.1,
157.66,5896.1,23.869,
99.701,2368,26.176,
53.686,677.84,12.612,
75.442,1352.2,25.151,
92.841,2042.2,24.215,
103.9,2570.7,26.07,
111.82,2975.7,25.301,
121.26,3496,25.169,
189.59,8546.1,24.514,
136.79,4468.2,27.046,
84.465,1697.6,24.56,
86.776,1796,26.157,
112.18,3005.1,25.678,
86.487,1775.3,14.107,
148.79,5284.6,27.456,
107.68,2762.5,27.239,
123.23,3618.4,26.315,
99.161,2343.2,25.557,
169.21,6823.7,25.604,
106.64,2710.2,26.808,
261.43,16315,25.969,
184.79,8136.5,26.523,
244.09,14193,26.037,
191.1,8694.2,25.861,
54.34,695.56,14.643,
165.9,6555.1,25.999,
186.87,8332.9,26.654,
190.37,8649.1,29.617,
140.05,4675.4,27.78,
108.58,2808.4,27.704,
182.96,7994.9,29.015,
187.64,8393.3,28.87,
178.66,7611,29.54,
235.87,13260,28.94,
130.95,4090,28.25,
45.923,495.98,15.103,
274.1,17890,27.339,
129.31,3992,27.38,
173.35,7171.8,26.488,
126.51,3818.7,28.324,
176.47,7421.2,26.565,
115.08,3154.5,26.277,
141.61,4773.7,25.882,
98.678,2321.4,26.146,
182.57,7947.3,26.003,
103.58,2564.6,26.923,
14.732,52.169,37.452,
165.9,6556.8,26.243,
140,4667.3,25.853,
147.19,5148.6,24.303,
181.39,7802.4,23.62,
155.51,5740.5,23.394,
143.21,4889.3,26.06,
92.011,1999.7,10.634,
143.95,4953,27.743,
195.75,9161.4,27.632,
122.96,3598.7,26.459,
70.909,1182.9,13.212,
115.91,3207.2,26.773,
83.241,1653.8,27.949,
106.04,2685.6,28.393,
115.66,3190.1,27.159,
105.06,2620.7,25.78,
171.01,6957.8,26.631,
107.1,2723.7,25.065,
135.87,4407.8,25.881,
88.861,1883.9,25.279,
78.423,1453.1,17.434,
68.655,1109.2,12.973,
125.65,3769.2,25.861,
152.8,5527.2,23.963,
142.16,4811.5,25.579,
162.09,6264.8,25.48,
105.77,2658.2,23.335,
168.11,6750.2,25.629,
148.99,5304.6,25.567,
105.08,2627.7,24.078,
117.38,3292.7,23.176,
83.469,1658.6,24.27,
126.21,3753.5,13.735,
82.806,1631.8,24.253,
152.16,5503.2,22.573,
101.23,2435.7,22.878,
120.11,3433.8,23.043,
67.298,1077.2,23.719,
102.19,2480.7,23.113,
102.84,2526.3,26.102,
99.6,2366.3,25.452,
102.19,2486.7,26.135,
119.83,3416.7,26.033,
72.86,1255.1,14.804,
99.229,2346.5,26.983,
102.88,2530.9,26.429,
116.83,3266,26.085,
124.39,3702.8,25.888,
101.77,2470.2,24.656,
129.51,4016.2,27.411,
151.12,5457.1,27.014,
68.032,1105.2,28.127,
91.588,2003.3,26.03,
87.957,1838.3,22.933,
14.347,49.483,42.22,
62.08,908.12,13.826,
110.43,2909.5,24.553,
160.37,6139.8,23.793,
108.72,2813.1,23.336,
96.267,2195.2,21.498,
74.898,1331.3,21.29,
68.875,1125.1,23.667,
59.399,836.81,24.241,
75.084,1346.8,25.309,
188.85,8477.6,24.317,
89.954,1926.4,25.93,
50.707,606.91,14.972,
125.32,3751.6,27.627,
87.434,1817.8,27.489,
435.26,45016,26.993,
155.61,5758.1,28.034,
122,3540,26.656,
164.2,6415.4,25.999,
131.85,4143.8,26.672,
121.29,3450.1,26.668,
75.86,1371.3,26.585,
161.5,6219.5,26.492,
46.044,500.81,15.153,
134.99,4329.1,26.315,
124.14,3666.2,25.928,
129.67,3997.4,25.24,
147.88,5201.6,24.315,
82.019,1602.5,26.388,
120.42,3466.3,27.38,
148.77,5277.1,27.598,
91.855,2008.3,27.911,
121.3,3517,28.761,
219.02,11438,27.563,
74.789,1321.8,15.208,
86.511,1784,27.396,
87.492,1825.5,27.252,
104.18,2585.5,25.679,
167.57,6697.4,25.722,
180.35,7758.3,26.379,
71.152,1203.2,25.724,
77.07,1414.1,25.425,
106.99,2720.3,24.618,
94.403,2118,24.907,
160.37,6128.3,24.204,
72.689,1253.6,14.936,
65.659,1024.2,23.342,
72.462,1247.1,22.108,
87.825,1833.1,23.602,
103.43,2544.9,24.451,
120.52,3459.2,24.996,
75.224,1348.2,24.372,
87.606,1822.1,22.98,
92.4,2027.3,23.794,
62.224,918.7,23.633,
126.41,3800.4,24.079,
68.143,1094.8,15.3,
78.017,1445.4,23.952,
115.89,3194.3,24.11,
72.158,1236.3,22.719,
157.24,5872.7,22.128,
68.123,1103.6,23.552,
138.05,4532.2,23.704,
147.48,5165.3,24.718,
92.054,2014.6,25.497,
110.66,2919.9,26.21,
73.233,1277.3,26.196,
67.148,1061.5,14.948,
133.69,4250,23.911,
110.15,2894.7,25.475,
132.32,4164.4,26.24,
77.348,1422.1,25.57,
100.97,2435.5,26.285,
76.346,1383.9,25.461,
338.85,27243,25,
120.79,3467.4,25.579,
175.31,7298.2,24.037,
181.55,7845.1,25.37,
63.552,951.62,14.245,
120.11,3432.5,24.282,
103.13,2533.9,22.837,
102.52,2495.8,22.807,
104.41,2587.6,22.058,
109.75,2860.5,24.995,
143.46,4894.4,24.758,
105.9,2674.1,24.88,
84.54,1702.7,24.112,
124.09,3667.2,23.605,
85.308,1734.1,23.313,
72.451,1240.1,14.719,
103.19,2527.4,22.251,
78.372,1454.7,18.253,
95.641,2175.6,22.141,
71.541,1215.9,23.645,
86.294,1777.2,26.008,
112.71,3021.5,24.344,
115.88,3202.1,26.031,
109.55,2853.7,23.805,
81.612,1582.8,23.303,
72.129,1235.3,22.67,
98.81,2312.3,15.629,
109.99,2868.8,21.62,
106.66,2707.6,21.99,
91.981,2008.4,22.077,
71.235,1205.3,20.513,
107.61,2746.4,21.198,
123.07,3613.8,23.477,
132.97,4217.7,24.79,
117.96,3323.3,26.135,
114,3097.4,25.025,
101.92,2483,24.937,
14.972,53.917,40.339,
68.439,1102.8,15.066,
114.91,3150,24.445,
105.8,2665.4,24.341,
164.64,6450.6,24.013,
118.43,3350.8,25.13,
149.23,5317.7,24.745,
159.21,6043,25.999,
183.85,8046.7,24.479,
113.59,3069.5,24.035,
110.62,2909.8,21.996,
134.53,4325.8,25.855,
93.519,2058.4,14.645,
84.688,1707.4,26.212,
135.06,4341.9,25.753,
342.29,27851,24.624,
145.79,5052.5,24.621,
181,7796.6,24.479,
90.142,1935.9,21.006,
336.94,27137,29.025,
119.33,3392.8,26.49,
111.92,2990.7,27.271,
402.4,38661,28.218,
77.084,1402.3,15.088,
146.31,5123,28.509,
208.06,10336,28.21,
139.58,4649.8,26.811,
138.96,4608.6,29.208,
125.24,3745.4,28.642,
125.62,3772.7,29.075,
144.65,4988.1,27.994,
35.071,292.39,1.2329,
37.287,328.84,1.0553,
47.066,527.49,0.94517,
66.008,1028.1,16.49,
89.703,1923.7,0.62919,
52.196,648.26,0.82454,
136.41,4443.5,27.056,
94.447,2132.8,28.503,
48.378,555.69,0.86786,
136.24,4410.6,0.52199,
192.87,8890.8,29.955,
134.58,4328.2,29.092,
436.11,45483,30.522,
128.69,3959.8,30.407,
73.086,1256,14.973,
375.68,33698,28.988,
192.15,8833.6,30.181,
199.22,9497,30.446,
156.14,5836.1,30.068,
353.11,29799,28.767,
109.36,2858.2,29.293,
118.99,3394.1,30.69,
106.49,2718.6,30.774,
135.73,4406.2,29.166,
134.78,4341,29.191,
108.73,2778.2,14.46,
206.62,10198,28.726,
100.38,2411.8,27.858,
124.45,3707,27.413,
147.17,5162.7,27.997,
53.797,694.85,1.3611,
156.61,5861.5,27.998,
138.89,4608.4,28.692,
202.21,9757.5,28.472,
199.01,9504.7,30.065,
175.37,7338,27.059,
87.01,1792.2,15.398,
137.38,4513.1,30.012,
120.95,3496,28.935,
185.53,8220.1,26.672,
78.783,1499,1.1808,
130.35,4055.2,28.432,
123.89,3659.4,26.985,
107.48,2759.4,27.961,
73.607,1306.7,1.1824,
101.22,2443.3,27.125,
87.66,1848.3,0.89336,
57.22,773.09,15.771,
118.66,3355.1,26.849,
75.154,1361.5,0.95976,
124.55,3719,28.798,
213.22,10980,0.8541,
123.01,3622.7,27.192,
110.69,2927,26.175,
101.92,2478.8,26.284,
91.204,1989.7,27.406,
247.49,14707,31.314,
189.32,8599.2,30.328,
112.51,3003,16.593,
170.83,7012.6,30.327,
116.59,3249.9,28.943,
147.5,5205,28.986,
172.36,7108.2,29.098,
164.79,6504.4,28.322,
105.99,2683.4,26.776,
39.665,377.19,1.7885,
160.64,6211.1,0.87479,
203.76,9916.5,25.858,
82.482,1623.3,25.423,
84.793,1699.1,15.444,
231.72,12814,25.887,
226.78,12271,25.613,
69.941,1167.8,25.991,
101.51,2456.6,25.9,
45.637,494.01,0.84416,
120.07,3448.7,26.835,
269.48,17402,26.601,
165.52,6559.2,26.808,
86.823,1802.1,27.633,
94.656,2144.3,26.433,
14.545,50.9,41.012,
100.8,2395,14.688,
343.17,28169,26.461,
197.33,9265.1,25.676,
201.67,9658.9,24.822,
113.42,3055.5,24.553,
107.12,2742,28.615,
105.99,2678.6,28.105,
107.72,2767.1,27.847,
138.82,4609.3,28.319,
98.552,2324.4,27.744,
182.21,7938,27.446,
70.76,1186.8,16.471,
114.5,3118.6,24.521,
122.08,3563,27.158,
77.377,1428.2,25.664,
149.33,5314.7,27.453,
204.65,10014,27.594,
130.08,4043.2,26.913,
124.2,3674.7,26.845,
148.36,5247.7,24.108,
156.96,5876.7,24.137,
126.36,3806.2,23.411,
103.16,2518.7,16.482,
110.7,2927.7,24.174,
177.99,7558.3,25.859,
123.18,3617.3,25.58,
123.88,3667.5,25.271,
191.2,8724.1,25.094,
271.75,17569,22.657,
41.778,414.68,1.0732,
153.33,5611,23.744,
174.45,7257.9,25.46,
91.652,2006.2,26.255,
84.675,1694.5,16.906,
139.85,4670.8,25.473,
138.09,4553.6,26.103,
81.93,1608,0.8127,
222.41,11803,26.213,
163.28,6358.5,24.314,
165.65,6545.2,23.808,
80.563,1550.4,23.436,
168.49,6776.2,22.817,
159.95,6112.4,26.087,
324.74,25243,26.461,
65.083,1005.7,18.432,
102.99,2533,25.797,
129.98,4034.5,26.489,
126.84,3842.2,25.018,
79.601,1509.9,24.646,
208.5,10380,25.167,
114.48,3131.8,25.613,
397.23,37736,25.344,
44.161,461.82,1.003,
134.94,4350.2,24.45,
117.72,3312,24.779,
95.779,2172.5,17.674,
107.56,2760.5,24.148,
140.98,4737.5,25.923,
175.95,7393.3,25.469,
196.08,9181.9,24.343,
69.747,1161.5,1.0477,
134.89,4351.2,24.352,
139.64,4664.6,23.78,
182.83,7980,23.972,
113.6,3089.7,23.174,
176.78,7473.3,25.511,
76.484,1383.2,17.699,
211.03,10637,26.705,
286.4,19561,25.448,
196.66,9240,26.346,
48.59,565.51,1.0668,
219.21,11482,28.94,
113.29,3068.7,28.579,
173.08,7165.1,26.772,
360.35,31088,27.783,
156.64,5863,28.581,
168.62,6781,26.841,
78.777,1466.6,16.966,
73.334,1283.6,26.762,
176.7,7479.4,27.886,
498.67,59255,25.344,
179.93,7756.5,30.055,
174.79,7297.6,29.425,
124.96,3738.6,29.912,
382.01,34942,30.258,
507.42,61661,30.979,
117.55,3303.6,30.138,
111.67,2981.3,30.48,
56.5,754.15,17.074,
144.16,4965.3,29.54,
151.01,5454.9,29.874,
206.49,10189,28.836,
129.8,4025.7,28.106,
108.53,2816,26.352,
92.382,2038.6,25.655,
149.48,5336.2,24.894,
174.56,7269.4,24.996,
168.8,6808.7,26.143,
152.29,5537.8,25.48,
99.527,2339.8,16.212,
125.49,3753.3,26.102,
163.62,6385.6,24.885,
166.63,6635.9,24.887,
551.29,72642,23.68,
385.92,35575,25.034,
123.26,3623.2,24.81,
441.96,46651,27.566,
141.16,4765.7,26.069,
129.88,4026,26.212,
126.54,3821.2,27.417,
14.815,52.838,41.841,
76.382,1381.3,17.402,
136.54,4465.9,27.916,
125.59,3776.8,27.345,
157.36,5919.1,27.456,
153.81,5662.4,27.78,
130.11,4031.7,26.038,
167.28,6664.6,26.283,
132.34,4187.9,28.825,
137.49,4511,27.42,
111.42,2973.9,28.361,
191.76,8788.2,28.177,
88.18,1841.2,17.489,
170.46,6942.1,26.699,
172.06,7076.8,28.762,
129.34,4003.5,29.422,
136.63,4448.3,25.99,
119.8,3433.1,28.833,
158.02,5953.6,28.1,
114.04,3104.1,28.287,
150.55,5428.9,30.406,
118.36,3351.3,30.934,
91.257,1990.4,30.3,
70.238,1164.8,17.272,
114.54,3144.6,30.216,
182.54,7955.2,29.429,
100.01,2390.3,29.288,
86.422,1785.1,29.713,
145.83,5072.9,28.217,
142.33,4851.6,28.837,
147.29,5185.5,28.985,
59.578,840.42,0.86618,
200.88,9649.8,28.725,
177.99,7573.5,28.536,
88.242,1844.9,19.187,
134.33,4310.3,28.215,
169.42,6866,28.287,
131.72,4145.2,27.816,
144.24,4981,26.813,
128.41,3941.4,26.034,
89.87,1932.8,28.156,
122.79,3595.9,26.422,
168.69,6781.5,26.036,
188.37,8453.5,26.068,
135.57,4392.5,27.417,
74.129,1303,18.945,
104.99,2657.2,1.1614,
114.84,3154.1,29.095,
185.94,8253.2,28.029,
174.19,7237.9,26.774,
82.425,1628.5,29.096,
91.739,2010,27.022,
192.11,8845,29.281,
82.879,1646.3,29.403,
128.08,3929.1,28.983,
81.255,1580.2,26.62,
64.743,994.36,19.754,
104.63,2617.9,27.894,
151.75,5505.7,27.202,
48.449,561.96,1.4212,
135.53,4384,27.564,
48.176,551.32,1.0794,
56.111,756.4,1.4114,
163.85,6418.5,26.596,
98.017,2296.9,26.755,
92.175,2036.6,28.03,
170.41,6923.5,28.508,
72.036,1234.6,20.504,
78.515,1474.3,29.988,
139.67,4653,27.781,
40.324,389.04,1.483,
77.899,1448.4,27.314,
134.78,4345.9,27.96,
128.99,3969.3,27.848,
38.946,359.7,1.0633,
131.58,4135.8,27.492,
78.78,1482.6,26.581,
75.11,1343.5,24.663,
117.88,3282,18.275,
170.5,6923.7,25.065,
163.16,6340.7,25.064,
132.08,4169.1,25.302,
81.7,1589.3,22.195,
143.66,4942.6,25.446,
146.42,5128.4,24.96,
136.06,4418.9,25.612,
38.764,356.66,1.5857,
84.109,1707.3,1.1851,
89.896,1931.6,26.281,
84.163,1673.8,17.113,
67.044,1076.7,27.396,
48.877,573.87,1.4651,
130.65,4082.2,28.283,
144.18,4969.7,28.143,
154.89,5735.5,28.142,
86.444,1787.3,28.218,
172.22,7098.2,25.365,
137.33,4506,28.395,
168.4,6795.5,30.134,
147.8,5233.2,29.059,
94.009,2088.4,19.236,
137.32,4511.6,28.654,
137.73,4529.8,28.144,
145.69,5085.7,28.791,
142.38,4854.6,30.937,
100.77,2429.3,29.001,
91.55,2000.4,28.675,
156.77,5870.4,29.132,
183.45,8070.7,32.399,
134.67,4351.3,31.857,
1188.9,3.33E+05,14.178,
15.249,55.882,41.43,
76.868,1397.3,18.857,
191.89,8668.8,14.201,
133.99,4290.4,32.64,
170.58,6960.9,33.386,
134.93,4354.2,32.754,
148.51,5282.1,33.019,
148.1,5240.4,31.39,
85.783,1772.3,1.2996,
145.3,5039.7,31.279,
131.21,4135.4,34.104,
114.55,3134.8,31.977,
69.573,1142.6,18.267,
152.24,5534.9,13.673,
152.79,5560.6,32.95,
153.83,5664,33.547,
100.75,2433.6,33.523,
157.54,5935,33.111,
263.02,16800,1.2419,
167.34,6706.8,34.705,
92.257,2022.2,16.566,
125.81,3786.3,26.644,
147.68,5223.4,31.19,
68.599,1114.1,18.123,
160.45,6171.8,31.344,
111.2,2971.5,32.097,
173.6,7229.2,32.562,
145.51,5108,1.0612,
135.18,4389.9,32.592,
189.85,8643,32.325,
119.62,3426,28.612,
1542.9,5.65E+05,11.831,
91.844,2016.4,27.32,
150.98,5468.2,29.8,
64.33,980.91,18.302,
123.92,3672.5,29.098,
142.3,4858.2,31.589,
91.101,1985.8,27.929,
79.854,1539.9,1.1167,
85.571,1766.3,0.9855,
130.9,4093.5,29.347,
78.896,1487,29.233,
164.3,6450.9,29.052,
45.093,487.09,1.5774,
158.27,5983.3,29.208,
53.005,664.42,17.766,
42.092,416.34,1.0435,
147.4,5186.7,22.755,
154.63,5738,0.91429,
122.19,3612.6,1.4335,
72.045,1230.8,11.831,
163.22,6387.8,30.898,
286.31,19663,0.84611,
218.99,11464,30.634,
45.13,477.88,0.73394,
132.41,4222.5,1.1191,
96.124,2189.2,18.432,
143.38,4908.3,28.492,
217.72,11438,1.031,
108.94,2867,1.4473,
68.714,1135.8,1.4054,
234.07,13307,1.4852,
57.455,782.99,0.96848,
341.69,28256,1.3585,
234.25,13299,1.3489,
546.54,72458,1.4032,
190.24,8711.5,1.0555,
89.744,1906.2,17.554,
127.12,3871.1,29.985,
115.16,3168.4,28.361,
65.693,1022.9,0.77837,
89.538,1914.9,0.88841,
298.82,21578,1.2393,
153.54,5660.4,0.86035,
102.39,2519.3,1.1185,
325.09,25678,1.7577,
113.47,3095.6,1.0928,
196.17,9319.2,1.2916,
86.94,1787.6,17.143,
188.42,8477,0.75223,
220.7,11821,1.4177,
279.86,18956,1.4967,
108.67,2819.1,0.79932,
248.36,14868,1.0905,
161.91,6331.5,1.1803,
128.34,3994,1.5394,
159.69,6170.9,1.162,
91.097,1973.4,0.76705,
131.96,4182,0.89858,
74.181,1298,16.656,
38.249,345.43,1.1428,
173.34,7191.9,31.704,
321.04,24823,1.1344,
282.11,19187,1.1079,
120.26,3429.6,18.283,
15.146,55.161,40.993,
52.244,646.27,19.184,
88.927,1871.4,18.704,
48.42,555.58,20.42,
66.427,1044.5,19.175,
70.628,1180,17.86,
118.37,3314.8,18.488,
118.11,3298.7,17.525,
126.91,3829,18.281,
115.1,3134,16.537,
