45.923,495.98,15.103,1.51E+05
46.044,500.81,15.153,1.52E+05
47.066,527.49,0.94517,9451.7
48.068,541.8,11.945,1.19E+05
48.176,551.32,1.0794,10794
48.378,555.69,0.86786,8678.6
48.42,555.58,20.42,2.04E+05
48.449,561.96,1.4212,14212
48.59,565.51,1.0668,10668
48.877,573.87,1.4651,14651
50.707,606.91,14.972,1.50E+05
52.196,648.26,0.82454,8245.4
52.244,646.27,19.184,1.92E+05
53.005,664.42,17.766,1.78E+05
53.686,677.84,12.612,1.26E+05
53.797,694.85,1.3611,13611
54.34,695.56,14.643,1.46E+05
55.664,725.72,12.258,1.23E+05
56.111,756.4,1.4114,14114
56.5,754.15,17.074,1.71E+05
57.192,780.1,22.686,2.27E+05
57.22,773.09,15.771,1.58E+05
57.455,782.99,0.96848,9684.8
58.163,804.75,0.95832,9583.2
59.399,836.81,24.241,2.42E+05
59.578,840.42,0.86618,8661.8
60.953,882.17,21.117,2.11E+05
62.08,908.12,13.826,1.38E+05
62.164,925.19,0.89641,8964.1
62.224,918.7,23.633,2.36E+05
62.65,930.91,20.248,2.02E+05
62.702,931.5,20.438,2.04E+05
63.552,951.62,14.245,1.42E+05
64.092,970.92,20.687,2.07E+05
64.33,980.91,18.302,1.83E+05
64.743,994.36,19.754,1.98E+05
65.083,1005.7,18.432,1.84E+05
65.659,1024.2,23.342,2.33E+05
65.693,1022.9,0.77837,7783.7
65.988,1030.9,18.611,1.86E+05
66.008,1028.1,16.49,1.65E+05
66.427,1044.5,19.175,1.92E+05
66.769,1059.7,21.384,2.14E+05
67.044,1076.7,27.396,2.74E+05
67.148,1061.5,14.948,1.49E+05
67.29,1076.4,21.399,2.14E+05
67.298,1077.2,23.719,2.37E+05
67.449,1075.9,21.341,2.13E+05
67.676,1086.1,23.562,2.36E+05
67.773,1084.1,13.565,1.36E+05
68.005,1096.2,19.906,1.99E+05
68.031,1091.9,13.756,1.38E+05
68.032,1105.2,28.127,2.81E+05
68.123,1103.6,23.552,2.36E+05
68.143,1094.8,15.3,1.53E+05
68.255,1109.4,22.142,2.21E+05
68.439,1102.8,15.066,1.51E+05
68.599,1114.1,18.123,1.81E+05
68.655,1109.2,12.973,1.30E+05
68.714,1135.8,1.4054,14054
68.875,1125.1,23.667,2.37E+05
69.573,1142.6,18.267,1.83E+05
69.747,1161.5,1.0477,10477
69.857,1157.9,21.423,2.14E+05
69.941,1167.8,25.991,2.60E+05
70.238,1164.8,17.272,1.73E+05
70.628,1180,17.86,1.79E+05
70.76,1186.8,16.471,1.65E+05
70.909,1182.9,13.212,1.32E+05
71.152,1203.2,25.724,2.57E+05
71.235,1205.3,20.513,2.05E+05
71.322,1213.6,25.545,2.55E+05
71.434,1211.2,23.653,2.37E+05
71.541,1215.9,23.645,2.36E+05
72.036,1234.6,20.504,2.05E+05
72.045,1230.8,11.831,1.18E+05
72.129,1235.3,22.67,2.27E+05
72.158,1236.3,22.719,2.27E+05
72.267,1237.6,21.876,2.19E+05
72.451,1240.1,14.719,1.47E+05
72.462,1247.1,22.108,2.21E+05
72.689,1253.6,14.936,1.49E+05
72.86,1255.1,14.804,1.48E+05
73.086,1256,14.973,1.50E+05
73.233,1277.3,26.196,2.62E+05
73.334,1283.6,26.762,2.68E+05
73.607,1306.7,1.1824,11824
74.129,1303,18.945,1.89E+05
74.181,1298,16.656,1.67E+05
74.789,1321.8,15.208,1.52E+05
74.898,1331.3,21.29,2.13E+05
75.084,1346.8,25.309,2.53E+05
75.11,1343.5,24.663,2.47E+05
75.129,1342.9,21.567,2.16E+05
75.154,1361.5,0.95976,9597.6
75.224,1348.2,24.372,2.44E+05
75.235,1338.5,20.627,2.06E+05
75.442,1352.2,25.151,2.52E+05
75.668,1356.8,19.341,1.93E+05
75.86,1371.3,26.585,2.66E+05
76.346,1383.9,25.461,2.55E+05
76.382,1381.3,17.402,1.74E+05
76.484,1383.2,17.699,1.77E+05
76.577,1398.4,24.541,2.45E+05
76.868,1397.3,18.857,1.89E+05
77.07,1414.1,25.425,2.54E+05
77.084,1402.3,15.088,1.51E+05
77.089,1414.5,25.326,2.53E+05
77.297,1424.9,22.605,2.26E+05
77.348,1422.1,25.57,2.56E+05
77.377,1428.2,25.664,2.57E+05
77.675,1443.9,22.402,2.24E+05
77.899,1448.4,27.314,2.73E+05
78.017,1445.4,23.952,2.40E+05
78.095,1443.1,22.955,2.30E+05
78.24,1440.4,12.271,1.23E+05
78.372,1454.7,18.253,1.83E+05
78.423,1453.1,17.434,1.74E+05
78.515,1474.3,29.988,3.00E+05
78.6,1466.1,23.846,2.38E+05
78.777,1466.6,16.966,1.70E+05
78.78,1482.6,26.581,2.66E+05
78.783,1499,1.1808,11808
78.896,1487,29.233,2.92E+05
79.263,1482.6,19.248,1.92E+05
79.455,1503.2,21.741,2.17E+05
79.504,1496.5,20.108,2.01E+05
79.601,1509.9,24.646,2.46E+05
79.854,1539.9,1.1167,11167
79.868,1513.6,21.23,2.12E+05
80.563,1550.4,23.436,2.34E+05
80.63,1549,23.038,2.30E+05
81.051,1563.5,20.383,2.04E+05
81.175,1566.5,22.131,2.21E+05
81.21,1570,22.231,2.22E+05
81.255,1580.2,26.62,2.66E+05
81.574,1583.6,22.865,2.29E+05
81.612,1582.8,23.303,2.33E+05
81.7,1589.3,22.195,2.22E+05
81.93,1608,0.8127,8127
82.019,1602.5,26.388,2.64E+05
82.425,1628.5,29.096,2.91E+05
82.482,1623.3,25.423,2.54E+05
82.806,1631.8,24.253,2.43E+05
82.879,1646.3,29.403,2.94E+05
83.195,1644.5,24.026,2.40E+05
83.241,1653.8,27.949,2.79E+05
83.469,1658.6,24.27,2.43E+05
83.925,1673.6,19.346,1.93E+05
84.109,1707.3,1.1851,11851
84.133,1685.1,23.398,2.34E+05
84.163,1673.8,17.113,1.71E+05
84.465,1697.6,24.56,2.46E+05
84.54,1702.7,24.112,2.41E+05
84.675,1694.5,16.906,1.69E+05
84.688,1707.4,26.212,2.62E+05
84.793,1699.1,15.444,1.54E+05
84.963,1707.2,18.652,1.87E+05
85.308,1734.1,23.313,2.33E+05
85.382,1737.5,26.013,2.60E+05
85.549,1741.6,20.887,2.09E+05
85.571,1766.3,0.9855,9855
85.663,1743.3,22.742,2.27E+05
85.694,1754.6,25.685,2.57E+05
85.783,1772.3,1.2996,12996
86.026,1756.2,22.745,2.27E+05
86.294,1777.2,26.008,2.60E+05
86.422,1785.1,29.713,2.97E+05
86.444,1787.3,28.218,2.82E+05
86.487,1775.3,14.107,1.41E+05
86.511,1784,27.396,2.74E+05
86.776,1796,26.157,2.62E+05
86.823,1802.1,27.633,2.76E+05
86.853,1788.5,22.717,2.27E+05
86.94,1787.6,17.143,1.71E+05
87.01,1792.2,15.398,1.54E+05
87.255,1811.3,23.423,2.34E+05
87.434,1817.8,27.489,2.75E+05
87.452,1819.3,23.625,2.36E+05
87.492,1825.5,27.252,2.73E+05
87.606,1822.1,22.98,2.30E+05
87.655,1825,21.581,2.16E+05
87.66,1848.3,0.89336,8933.6
87.818,1832.2,22.706,2.27E+05
87.825,1833.1,23.602,2.36E+05
87.957,1838.3,22.933,2.29E+05
88.18,1841.2,17.489,1.75E+05
88.242,1844.9,19.187,1.92E+05
88.488,1859.3,22.044,2.20E+05
88.861,1883.9,25.279,2.53E+05
88.927,1871.4,18.704,1.87E+05
89.225,1888.8,23.626,2.36E+05
89.281,1899.6,22.7,2.27E+05
89.538,1914.9,0.88841,8884.1
89.615,1917.8,24.968,2.50E+05
89.648,1920.5,25.29,2.53E+05
89.656,1915.9,21.209,2.12E+05
89.703,1923.7,0.62919,6291.9
89.744,1906.2,17.554,1.76E+05
89.767,1911.6,20.53,2.05E+05
89.792,1920,22.572,2.26E+05
89.87,1932.8,28.156,2.82E+05
89.896,1931.6,26.281,2.63E+05
89.954,1926.4,25.93,2.59E+05
90.142,1935.9,21.006,2.10E+05
90.341,1932.3,19.455,1.95E+05
91.097,1973.4,0.76705,7670.5
91.101,1985.8,27.929,2.79E+05
91.188,1979.8,26.602,2.66E+05
91.204,1989.7,27.406,2.74E+05
91.257,1990.4,30.3,3.03E+05
91.384,1980.2,20.261,2.03E+05
91.457,1979.7,20.237,2.02E+05
91.55,2000.4,28.675,2.87E+05
91.554,1979.1,13.669,1.37E+05
91.588,2003.3,26.03,2.60E+05
91.652,2006.2,26.255,2.63E+05
91.728,2010.3,25.346,2.53E+05
91.739,2010,27.022,2.70E+05
91.796,2009.2,21.433,2.14E+05
91.844,2016.4,27.32,2.73E+05
91.855,2008.3,27.911,2.79E+05
91.981,2008.4,22.077,2.21E+05
92.011,1999.7,10.634,1.06E+05
92.054,2014.6,25.497,2.55E+05
92.113,2025.5,24.134,2.41E+05
92.175,2036.6,28.03,2.80E+05
92.257,2022.2,16.566,1.66E+05
92.382,2038.6,25.655,2.57E+05
92.4,2027.3,23.794,2.38E+05
92.612,2045.5,21.993,2.20E+05
92.736,2037.2,21.054,2.11E+05
92.787,2046.4,22.195,2.22E+05
92.841,2042.2,24.215,2.42E+05
93.519,2058.4,14.645,1.46E+05
93.572,2080,21.664,2.17E+05
93.774,2093.9,22.446,2.24E+05
93.829,2086.3,20.801,2.08E+05
93.914,2095.8,23.989,2.40E+05
94.009,2088.4,19.236,1.92E+05
94.403,2118,24.907,2.49E+05
94.447,2132.8,28.503,2.85E+05
94.656,2144.3,26.433,2.64E+05
95.641,2175.6,22.141,2.21E+05
95.779,2172.5,17.674,1.77E+05
96.124,2189.2,18.432,1.84E+05
96.267,2195.2,21.498,2.15E+05
96.781,2233.7,24.194,2.42E+05
96.985,2230,21.199,2.12E+05
97.207,2240.9,23.078,2.31E+05
97.389,2250,20.794,2.08E+05
97.56,2259.4,21.176,2.12E+05
98.017,2296.9,26.755,2.68E+05
98.552,2324.4,27.744,2.77E+05
98.678,2321.4,26.146,2.61E+05
98.81,2312.3,15.629,1.56E+05
98.816,2326.3,25.239,2.52E+05
98.931,2326.8,23.445,2.34E+05
98.946,2339.2,24.762,2.48E+05
99.161,2343.2,25.557,2.56E+05
99.229,2346.5,26.983,2.70E+05
99.238,2325.5,19.869,1.99E+05
99.423,2358.6,25.049,2.50E+05
99.517,2350.5,21.46,2.15E+05
99.527,2339.8,16.212,1.62E+05
99.588,2358.1,24.145,2.41E+05
99.6,2366.3,25.452,2.55E+05
99.701,2368,26.176,2.62E+05
99.913,2361.5,19.593,1.96E+05
100.01,2390.3,29.288,2.93E+05
100.2,2383.5,22.784,2.28E+05
100.38,2411.8,27.858,2.79E+05
100.75,2433.6,33.523,3.35E+05
100.77,2429.3,29.001,2.90E+05
100.8,2395,14.688,1.47E+05
100.97,2435.5,26.285,2.63E+05
101.22,2443.3,27.125,2.71E+05
101.23,2435.7,22.878,2.29E+05
101.42,2448.6,22.482,2.25E+05
101.51,2456.6,25.9,2.59E+05
101.77,2470.2,24.656,2.47E+05
101.92,2483,24.937,2.49E+05
101.92,2478.8,26.284,2.63E+05
102.04,2477,21.522,2.15E+05
102.19,2480.7,23.113,2.31E+05
102.19,2486.7,26.135,2.61E+05
102.2,2487.3,24.383,2.44E+05
102.39,2519.3,1.1185,11185
102.52,2495.8,22.807,2.28E+05
102.55,2499.8,22.158,2.22E+05
102.65,2500.9,21.458,2.15E+05
102.84,2526.3,26.102,2.61E+05
102.87,2514.3,19.934,1.99E+05
102.88,2530.9,26.429,2.64E+05
102.99,2533,25.797,2.58E+05
103.04,2530.2,23.277,2.33E+05
103.13,2533.9,22.837,2.28E+05
103.16,2518.7,16.482,1.65E+05
103.19,2527.4,22.251,2.23E+05
103.43,2544.9,24.451,2.45E+05
103.58,2564.6,26.923,2.69E+05
103.9,2570.7,26.07,2.61E+05
104.14,2579.9,23.308,2.33E+05
104.18,2585.5,25.679,2.57E+05
104.41,2587.6,22.058,2.21E+05
104.63,2597.2,22.503,2.25E+05
104.63,2617.9,27.894,2.79E+05
104.99,2657.2,1.1614,11614
105.06,2620.7,25.78,2.58E+05
105.08,2627.7,24.078,2.41E+05
105.12,2618.9,23.638,2.36E+05
105.62,2663.8,21.337,2.13E+05
105.77,2658.2,23.335,2.33E+05
105.8,2665.4,24.341,2.43E+05
105.89,2663.2,23.109,2.31E+05
105.9,2658.9,22.747,2.27E+05
105.9,2674.1,24.88,2.49E+05
105.99,2683.4,26.776,2.68E+05
105.99,2678.6,28.105,2.81E+05
106.03,2662.3,21.644,2.16E+05
106.04,2685.6,28.393,2.84E+05
106.49,2718.6,30.774,3.08E+05
106.64,2710.2,26.808,2.68E+05
106.66,2707.6,21.99,2.20E+05
106.99,2720.3,24.618,2.46E+05
107.1,2723.7,25.065,2.51E+05
107.12,2742,28.615,2.86E+05
107.48,2759.4,27.961,2.80E+05
107.56,2760.5,24.148,2.41E+05
107.61,2746.4,21.198,2.12E+05
107.68,2762.5,27.239,2.72E+05
107.72,2767.1,27.847,2.78E+05
107.83,2751.9,19.109,1.91E+05
107.91,2780.2,25.436,2.54E+05
108.03,2774.6,22.33,2.23E+05
108.46,2786.7,22.916,2.29E+05
108.53,2816,26.352,2.64E+05
108.58,2808.4,27.704,2.77E+05
108.67,2819.1,0.79932,7993.2
108.72,2813.1,23.336,2.33E+05
108.73,2778.2,14.46,1.45E+05
108.94,2867,1.4473,14473
109.36,2858.2,29.293,2.93E+05
109.55,2853.7,23.805,2.38E+05
109.75,2860.5,24.995,2.50E+05
109.99,2868.8,21.62,2.16E+05
110.15,2888.2,21.491,2.15E+05
110.15,2894.7,25.475,2.55E+05
110.43,2909.5,24.553,2.46E+05
110.5,2903.1,25.127,2.51E+05
110.62,2909.8,21.996,2.20E+05
110.66,2919.9,26.21,2.62E+05
110.69,2927,26.175,2.62E+05
110.7,2927.7,24.174,2.42E+05
111.2,2971.5,32.097,3.21E+05
111.28,2954.6,22.259,2.23E+05
111.42,2973.9,28.361,2.84E+05
111.67,2981.3,30.48,3.05E+05
111.82,2975.7,25.301,2.53E+05
111.92,2990.7,27.271,2.73E+05
112.07,2988.6,21.739,2.17E+05
112.18,3005.1,25.678,2.57E+05
112.43,3014,25.203,2.52E+05
112.51,3003,16.593,1.66E+05
112.66,3002.4,20.361,2.04E+05
112.71,3021.5,24.344,2.43E+05
113.16,3056.7,24.851,2.49E+05
113.29,3068.7,28.579,2.86E+05
113.4,3054.6,15.282,1.53E+05
113.42,3055.5,24.553,2.46E+05
113.43,3061.3,21.74,2.17E+05
113.45,3051.2,20.025,2.00E+05
113.47,3095.6,1.0928,10928
113.56,3059.9,24.48,2.45E+05
113.59,3069.5,24.035,2.40E+05
113.6,3089.7,23.174,2.32E+05
114,3097.4,25.025,2.50E+05
114.04,3104.1,28.287,2.83E+05
114.48,3131.8,25.613,2.56E+05
114.5,3118.6,24.521,2.45E+05
114.52,3136.2,25.132,2.51E+05
114.54,3144.6,30.216,3.02E+05
114.55,3134.8,31.977,3.20E+05
114.61,3105.2,19.053,1.91E+05
114.84,3154.1,29.095,2.91E+05
114.91,3150,24.445,2.44E+05
115.08,3154.5,26.277,2.63E+05
115.1,3134,16.537,1.65E+05
115.16,3168.4,28.361,2.84E+05
115.66,3190.1,27.159,2.72E+05
115.88,3202.1,26.031,2.60E+05
115.89,3194.3,24.11,2.41E+05
115.91,3207.2,26.773,2.68E+05
116.1,3192.7,20.146,2.01E+05
116.18,3201.8,21.2,2.12E+05
116.55,3242,24.005,2.40E+05
116.59,3249.9,28.943,2.89E+05
116.83,3266,26.085,2.61E+05
116.94,3262.3,24.791,2.48E+05
117.25,3266.3,22.378,2.24E+05
117.38,3292.7,23.176,2.32E+05
117.55,3303.6,30.138,3.01E+05
117.7,3298.6,24.512,2.45E+05
117.72,3312,24.779,2.48E+05
117.88,3282,18.275,1.83E+05
117.96,3323.3,26.135,2.61E+05
118.11,3298.7,17.525,1.75E+05
118.36,3351.3,30.934,3.09E+05
118.37,3314.8,18.488,1.85E+05
118.43,3350.8,25.13,2.51E+05
118.64,3354.5,25.1,2.51E+05
118.65,3357.6,22.713,2.27E+05
118.66,3355.1,26.849,2.68E+05
118.74,3341.3,20.954,2.10E+05
118.91,3363.7,25.335,2.53E+05
118.99,3394.1,30.69,3.07E+05
119.33,3392.8,26.49,2.65E+05
119.62,3426,28.612,2.86E+05
119.8,3433.1,28.833,2.88E+05
119.83,3416.7,26.033,2.60E+05
120.07,3448.7,26.835,2.68E+05
120.11,3433.8,23.043,2.30E+05
120.11,3432.5,24.282,2.43E+05
120.2,3412.1,17.649,1.76E+05
120.26,3429.6,18.283,1.83E+05
120.42,3466.3,27.38,2.74E+05
120.52,3459.2,24.996,2.50E+05
120.55,3449.3,20.864,2.09E+05
120.79,3467.4,25.579,2.56E+05
120.95,3496,28.935,2.89E+05
121.26,3496,25.169,2.52E+05
121.29,3450.1,26.668,2.67E+05
121.3,3517,28.761,2.88E+05
122,3540,26.656,2.67E+05
122.08,3563,27.158,2.72E+05
122.19,3612.6,1.4335,14335
122.25,3566.1,23.056,2.31E+05
122.79,3595.9,26.422,2.64E+05
122.96,3598.7,26.459,2.65E+05
123.01,3622.7,27.192,2.72E+05
123.07,3613.8,23.477,2.35E+05
123.18,3617.3,25.58,2.56E+05
123.23,3618.4,26.315,2.63E+05
123.26,3623.2,24.81,2.48E+05
123.74,3655.1,25.084,2.51E+05
123.88,3667.5,25.271,2.53E+05
123.89,3659.4,26.985,2.70E+05
123.92,3672.5,29.098,2.91E+05
124.09,3667.2,23.605,2.36E+05
124.14,3666.2,25.928,2.59E+05
124.2,3674.7,26.845,2.68E+05
124.25,3674.3,22.383,2.24E+05
124.39,3702.8,25.888,2.59E+05
124.45,3707,27.413,2.74E+05
124.51,3668.5,21.309,2.13E+05
124.55,3719,28.798,2.88E+05
124.96,3738.6,29.912,2.99E+05
125.24,3745.4,28.642,2.86E+05
125.32,3751.6,27.627,2.76E+05
125.49,3753.3,26.102,2.61E+05
125.59,3776.8,27.345,2.73E+05
125.62,3772.7,29.075,2.91E+05
125.65,3769.2,25.861,2.59E+05
125.81,3786.3,26.644,2.66E+05
126.21,3753.5,13.735,1.37E+05
126.36,3806.2,23.411,2.34E+05
126.41,3800.4,24.079,2.41E+05
126.51,3818.7,28.324,2.83E+05
126.53,3799.1,21.423,2.14E+05
126.54,3821.2,27.417,2.74E+05
126.69,3823.6,22.732,2.27E+05
126.84,3842.2,25.018,2.50E+05
126.91,3829,18.281,1.83E+05
127.12,3871.1,29.985,3.00E+05
128.08,3929.1,28.983,2.90E+05
128.34,3994,1.5394,15394
128.41,3941.4,26.034,2.60E+05
128.69,3959.8,30.407,3.04E+05
128.99,3969.3,27.848,2.78E+05
129.31,3992,27.38,2.74E+05
129.34,4003.5,29.422,2.94E+05
129.51,4016.2,27.411,2.74E+05
129.67,3997.4,25.24,2.52E+05
129.8,4025.7,28.106,2.81E+05
129.88,4026,26.212,2.62E+05
129.98,4034.5,26.489,2.65E+05
130.07,3993.6,19.084,1.91E+05
130.08,4043.2,26.913,2.69E+05
130.11,4031.7,26.038,2.60E+05
130.35,4055.2,28.432,2.84E+05
130.65,4082.2,28.283,2.83E+05
130.9,4093.5,29.347,2.93E+05
130.95,4090,28.25,2.83E+05
131.21,4135.4,34.104,3.41E+05
131.58,4135.8,27.492,2.75E+05
131.72,4145.2,27.816,2.78E+05
131.85,4143.8,26.672,2.67E+05
131.96,4182,0.89858,8985.8
132.08,4169.1,25.302,2.53E+05
132.32,4164.4,26.24,2.62E+05
132.34,4187.9,28.825,2.88E+05
132.41,4222.5,1.1191,11191
132.97,4217.7,24.79,2.48E+05
133.08,4202.5,22.005,2.20E+05
133.48,4229.1,19.166,1.92E+05
133.69,4223.1,21.553,2.16E+05
133.69,4250,23.911,2.39E+05
133.99,4290.4,32.64,3.26E+05
134.25,4290.9,19.473,1.95E+05
134.33,4310.3,28.215,2.82E+05
134.53,4325.8,25.855,2.59E+05
134.58,4328.2,29.092,2.91E+05
134.67,4351.3,31.857,3.19E+05
134.78,4341,29.191,2.92E+05
134.78,4345.9,27.96,2.80E+05
134.89,4351.2,24.352,2.44E+05
134.93,4354.2,32.754,3.28E+05
134.94,4350.2,24.45,2.45E+05
134.99,4329.1,26.315,2.63E+05
135.06,4341.9,25.753,2.58E+05
135.18,4389.9,32.592,3.26E+05
135.39,4356.4,20.726,2.07E+05
135.53,4384,27.564,2.76E+05
135.57,4392.5,27.417,2.74E+05
135.73,4406.2,29.166,2.92E+05
135.87,4407.8,25.881,2.59E+05
136.06,4396.7,20.923,2.09E+05
136.06,4418.9,25.612,2.56E+05
136.24,4410.6,0.52199,5219.9
136.41,4443.5,27.056,2.71E+05
136.54,4465.9,27.916,2.79E+05
136.63,4448.3,25.99,2.60E+05
136.79,4468.2,27.046,2.70E+05
137.27,4487.5,20.847,2.08E+05
137.32,4511.6,28.654,2.87E+05
137.33,4506,28.395,2.84E+05
137.38,4513.1,30.012,3.00E+05
137.49,4511,27.42,2.74E+05
137.73,4529.8,28.144,2.81E+05
138.05,4532.2,23.704,2.37E+05
138.09,4553.6,26.103,2.61E+05
138.82,4609.3,28.319,2.83E+05
138.89,4608.4,28.692,2.87E+05
138.96,4608.6,29.208,2.92E+05
139.35,4613.3,21.245,2.12E+05
139.58,4649.8,26.811,2.68E+05
139.64,4664.6,23.78,2.38E+05
139.67,4653,27.781,2.78E+05
139.85,4670.8,25.473,2.55E+05
140,4667.3,25.853,2.59E+05
140.05,4675.4,27.78,2.78E+05
140.06,4679.7,25.022,2.50E+05
140.91,4729.7,22.973,2.30E+05
140.98,4737.5,25.923,2.59E+05
141.02,4724.4,22.144,2.21E+05
141.16,4765.7,26.069,2.61E+05
141.45,4740.2,21.146,2.11E+05
141.61,4773.7,25.882,2.59E+05
142.16,4814.6,24.51,2.45E+05
142.16,4811.5,25.579,2.56E+05
142.3,4858.2,31.589,3.16E+05
142.33,4851.6,28.837,2.88E+05
142.38,4854.6,30.937,3.09E+05
142.65,4806.2,19.357,1.94E+05
143.08,4845.6,19.375,1.94E+05
143.21,4889.3,26.06,2.61E+05
143.38,4908.3,28.492,2.85E+05
143.46,4894.4,24.758,2.48E+05
143.66,4942.6,25.446,2.54E+05
143.95,4953,27.743,2.77E+05
144.16,4965.3,29.54,2.95E+05
144.18,4969.7,28.143,2.81E+05
144.24,4981,26.813,2.68E+05
144.65,4988.1,27.994,2.80E+05
144.98,5018,27.565,2.76E+05
145.3,5039.7,31.279,3.13E+05
145.51,5108,1.0612,10612
145.69,5085.7,28.791,2.88E+05
145.79,5052.5,24.621,2.46E+05
145.83,5072.9,28.217,2.82E+05
145.84,5048.1,21.733,2.17E+05
146.31,5123,28.509,2.85E+05
146.42,5128.4,24.96,2.50E+05
146.43,5116.5,24.115,2.41E+05
147.17,5162.7,27.997,2.80E+05
147.19,5148.6,24.303,2.43E+05
147.29,5185.5,28.985,2.90E+05
147.4,5186.7,22.755,2.28E+05
147.48,5165.3,24.718,2.47E+05
147.5,5205,28.986,2.90E+05
147.68,5223.4,31.19,3.12E+05
147.8,5233.2,29.059,2.91E+05
147.88,5201.6,24.315,2.43E+05
148.1,5240.4,31.39,3.14E+05
148.36,5247.7,24.108,2.41E+05
148.51,5282.1,33.019,3.30E+05
148.7,5225.9,19.385,1.94E+05
148.77,5277.1,27.598,2.76E+05
148.79,5284.6,27.456,2.75E+05
148.99,5304.6,25.567,2.56E+05
149.23,5317.7,24.745,2.47E+05
149.33,5314.7,27.453,2.75E+05
149.48,5336.2,24.894,2.49E+05
150.44,5368.5,20.689,2.07E+05
150.54,5396.9,24.559,2.46E+05
150.55,5428.9,30.406,3.04E+05
150.98,5468.2,29.8,2.98E+05
151.01,5454.9,29.874,2.99E+05
151.12,5457.1,27.014,2.70E+05
151.75,5505.7,27.202,2.72E+05
151.77,5464.5,21.364,2.14E+05
152.16,5503.2,22.573,2.26E+05
152.22,5522.3,24.704,2.47E+05
152.24,5534.9,13.673,1.37E+05
152.29,5537.8,25.48,2.55E+05
152.31,5532.8,24.822,2.48E+05
152.79,5560.6,32.95,3.30E+05
152.8,5527.2,23.963,2.40E+05
152.92,5585.3,18.846,1.88E+05
153.05,5579.4,21.463,2.15E+05
153.33,5611,23.744,2.37E+05
153.54,5660.4,0.86035,8603.5
153.81,5662.4,27.78,2.78E+05
153.83,5664,33.547,3.35E+05
153.96,5633.2,21.937,2.19E+05
154.63,5738,0.91429,9142.9
154.89,5735.5,28.142,2.81E+05
154.96,5737.3,23.963,2.40E+05
155.1,5727,21.679,2.17E+05
155.16,5717.2,20.224,2.02E+05
155.43,5753.7,24.307,2.43E+05
155.51,5740.5,23.394,2.34E+05
155.61,5758.1,28.034,2.80E+05
156.14,5836.1,30.068,3.01E+05
156.56,5838.8,20.407,2.04E+05
156.61,5861.5,27.998,2.80E+05
156.64,5863,28.581,2.86E+05
156.77,5870.4,29.132,2.91E+05
156.96,5876.7,24.137,2.41E+05
157.15,5881.8,22.231,2.22E+05
157.24,5872.7,22.128,2.21E+05
157.36,5919.1,27.456,2.75E+05
157.54,5935,33.111,3.31E+05
157.66,5896.1,23.869,2.39E+05
158.02,5953.6,28.1,2.81E+05
158.27,5983.3,29.208,2.92E+05
158.28,5974.9,24.887,2.49E+05
159.21,6043,25.999,2.60E+05
159.35,6055.2,23.111,2.31E+05
159.57,6059.3,20.731,2.07E+05
159.69,6170.9,1.162,11620
159.95,6112.4,26.087,2.61E+05
160.2,6119.2,23.675,2.37E+05
160.37,6139.8,23.793,2.38E+05
160.37,6128.3,24.204,2.42E+05
160.45,6171.8,31.344,3.13E+05
160.64,6211.1,0.87479,8747.9
161.27,6180.6,20.399,2.04E+05
161.38,6191.5,20.658,2.07E+05
161.5,6219.5,26.492,2.65E+05
161.91,6331.5,1.1803,11803
162.09,6264.8,25.48,2.55E+05
162.96,6321.1,21.666,2.17E+05
163.02,6348,25.184,2.52E+05
163.16,6340.7,25.064,2.51E+05
163.22,6387.8,30.898,3.09E+05
163.28,6358.5,24.314,2.43E+05
163.62,6385.6,24.885,2.49E+05
163.85,6418.5,26.596,2.66E+05
164.2,6415.4,25.999,2.60E+05
164.3,6450.9,29.052,2.91E+05
164.64,6450.6,24.013,2.40E+05
164.79,6504.4,28.322,2.83E+05
165.52,6559.2,26.808,2.68E+05
165.65,6545.2,23.808,2.38E+05
165.9,6555.1,25.999,2.60E+05
165.9,6556.8,26.243,2.62E+05
166.63,6635.9,24.887,2.49E+05
167.28,6664.6,26.283,2.63E+05
167.34,6706.8,34.705,3.47E+05
167.57,6697.4,25.722,2.57E+05
168.11,6750.2,25.629,2.56E+05
168.32,6742.2,23.446,2.34E+05
168.4,6795.5,30.134,3.01E+05
168.49,6776.2,22.817,2.28E+05
168.62,6781,26.841,2.68E+05
168.69,6781.5,26.036,2.60E+05
168.8,6808.7,26.143,2.61E+05
169.21,6823.7,25.604,2.56E+05
169.42,6866,28.287,2.83E+05
169.77,6864.1,23.461,2.35E+05
170.3,6936.6,26.12,2.61E+05
170.41,6923.5,28.508,2.85E+05
170.46,6942.1,26.699,2.67E+05
170.5,6923.7,25.065,2.51E+05
170.58,6960.9,33.386,3.34E+05
170.83,7012.6,30.327,3.03E+05
171.01,6957.8,26.631,2.66E+05
172.06,7076.8,28.762,2.88E+05
172.09,7036.1,24.005,2.40E+05
172.22,7098.2,25.365,2.54E+05
172.36,7108.2,29.098,2.91E+05
173.08,7165.1,26.772,2.68E+05
173.15,7136.9,22.254,2.23E+05
173.31,7162.8,25.297,2.53E+05
173.34,7191.9,31.704,3.17E+05
173.35,7171.8,26.488,2.65E+05
173.6,7229.2,32.562,3.26E+05
174.19,7237.9,26.774,2.68E+05
174.45,7257.9,25.46,2.55E+05
174.56,7269.4,24.996,2.50E+05
174.79,7297.6,29.425,2.94E+05
175.31,7298.2,24.037,2.40E+05
175.37,7338,27.059,2.71E+05
175.9,7369.5,25.273,2.53E+05
175.95,7393.3,25.469,2.55E+05
176.47,7421.2,26.565,2.66E+05
176.7,7479.4,27.886,2.79E+05
176.78,7473.3,25.511,2.55E+05
177.99,7558.3,25.859,2.59E+05
177.99,7573.5,28.536,2.85E+05
178.66,7611,29.54,2.95E+05
178.95,7615.9,21.053,2.11E+05
179.37,7677.7,25.097,2.51E+05
179.7,7674.9,23.442,2.34E+05
179.93,7756.5,30.055,3.01E+05
180.26,7701.5,20.55,2.06E+05
180.35,7758.3,26.379,2.64E+05
181,7796.6,24.479,2.45E+05
181.39,7802.4,23.62,2.36E+05
181.55,7845.1,25.37,2.54E+05
181.63,7868.9,23.407,2.34E+05
182.21,7938,27.446,2.74E+05
182.54,7955.2,29.429,2.94E+05
182.57,7947.3,26.003,2.60E+05
182.8,7967.1,22.845,2.28E+05
182.83,7980,23.972,2.40E+05
182.96,7994.9,29.015,2.90E+05
183.45,8070.7,32.399,3.24E+05
183.85,8046.7,24.479,2.45E+05
184.21,8038.8,19.525,1.95E+05
184.79,8136.5,26.523,2.65E+05
185.53,8220.1,26.672,2.67E+05
185.94,8253.2,28.029,2.80E+05
186.87,8332.9,26.654,2.67E+05
187.64,8393.3,28.87,2.89E+05
188.37,8453.5,26.068,2.61E+05
188.42,8477,0.75223,7522.3
188.85,8477.6,24.317,2.43E+05
189.32,8599.2,30.328,3.03E+05
189.59,8546.1,24.514,2.45E+05
189.85,8643,32.325,3.23E+05
190.24,8711.5,1.0555,10555
190.37,8649.1,29.617,2.96E+05
191.09,8710.2,23.843,2.38E+05
191.1,8694.2,25.861,2.59E+05
191.2,8724.1,25.094,2.51E+05
191.76,8788.2,28.177,2.82E+05
191.89,8668.8,14.201,1.42E+05
192.11,8845,29.281,2.93E+05
192.15,8833.6,30.181,3.02E+05
192.87,8890.8,29.955,3.00E+05
193.31,8909.8,24.893,2.49E+05
195.75,9161.4,27.632,2.76E+05
196.08,9181.9,24.343,2.43E+05
196.17,9319.2,1.2916,12916
196.66,9240,26.346,2.63E+05
197.33,9265.1,25.676,2.57E+05
199.01,9504.7,30.065,3.01E+05
199.22,9497,30.446,3.04E+05
199.75,9455.6,21.872,2.19E+05
200.88,9649.8,28.725,2.87E+05
201.67,9658.9,24.822,2.48E+05
202.21,9757.5,28.472,2.85E+05
203.76,9916.5,25.858,2.59E+05
204.51,9978.7,24.368,2.44E+05
204.65,10014,27.594,2.76E+05
206.49,10189,28.836,2.88E+05
206.62,10198,28.726,2.87E+05
208.06,10336,28.21,2.82E+05
208.5,10380,25.167,2.52E+05
211.03,10637,26.705,2.67E+05
213.22,10980,0.8541,8541
217.72,11438,1.031,10310
218.99,11464,30.634,3.06E+05
219.02,11438,27.563,2.76E+05
219.21,11482,28.94,2.89E+05
220.7,11821,1.4177,14177
222.41,11803,26.213,2.62E+05
226.78,12271,25.613,2.56E+05
231.72,12814,25.887,2.59E+05
234.07,13307,1.4852,14852
234.25,13299,1.3489,13489
235.87,13260,28.94,2.89E+05
239.88,13697,22.041,2.20E+05
240.63,13785,24.215,2.42E+05
244.09,14193,26.037,2.60E+05
247.49,14707,31.314,3.13E+05
248.36,14868,1.0905,10905
252.5,15165,23.78,2.38E+05
259.47,16024,23.379,2.34E+05
259.73,16048,21.74,2.17E+05
261.43,16315,25.969,2.60E+05
263.02,16800,1.2419,12419
265.86,16782,24.049,2.40E+05
269.48,17402,26.601,2.66E+05
271.75,17569,22.657,2.27E+05
274.1,17890,27.339,2.73E+05
279.86,18956,1.4967,14967
282.11,19187,1.1079,11079
286.31,19663,0.84611,8461.1
286.4,19561,25.448,2.54E+05
298.82,21578,1.2393,12393
320.83,24471,19.998,2.00E+05
321.04,24823,1.1344,11344
324.74,25243,26.461,2.65E+05
325.09,25678,1.7577,17577
325.34,25235,24.488,2.45E+05
329.27,25819,22.755,2.28E+05
336.94,27137,29.025,2.90E+05
338.85,27243,25,2.50E+05
341.69,28256,1.3585,13585
342.29,27851,24.624,2.46E+05
343.17,28169,26.461,2.65E+05
353.11,29799,28.767,2.88E+05
360.35,31088,27.783,2.78E+05
375.68,33698,28.988,2.90E+05
382.01,34942,30.258,3.03E+05
385.92,35575,25.034,2.50E+05
397.23,37736,25.344,2.53E+05
402.4,38661,28.218,2.82E+05
435.26,45016,26.993,2.70E+05
436.11,45483,30.522,3.05E+05
441.96,46651,27.566,2.76E+05
491.66,57684,22.009,2.20E+05
498.67,59255,25.344,2.53E+05
507.42,61661,30.979,3.10E+05
546.54,72458,1.4032,14032
551.29,72642,23.68,2.37E+05
1188.9,3.33E+05,14.178,1.42E+05
1542.9,5.65E+05,11.831,1.18E+05
